country,continent,year,population,births,deaths
Afghanistan,Asia,1960,8622473,434057,275239
Afghanistan,Asia,1990,10694804,567256,203514
Afghanistan,Asia,2020,38972236,1402265,276683
Albania,Europe,1960,1711189,69920,28400
Albania,Europe,1990,3295073,81074,18349
Albania,Europe,2020,2866850,29535,30970
Algeria,Africa,1960,11394309,556593,271718
Algeria,Africa,1990,25518074,785136,146283
Algeria,Africa,2020,43451668,974703,234547
American Samoa,Oceania,1960,20107,838,133
American Samoa,Oceania,1990,47841,1755,235
American Samoa,Oceania,2020,46216,809,310
Andorra,Europe,1960,9473,181,65
Andorra,Europe,1990,53590,602,289
Andorra,Europe,2020,77723,591,699
Angola,Africa,1960,5357201,274530,143432
Angola,Africa,1990,11828643,606245,259679
Angola,Africa,2020,33428490,1312910,261489
Anguilla,North America,1960,5773,240,83
Anguilla,North America,1990,8340,148,70
Anguilla,North America,2020,15612,151,99
Antigua and Barbuda,North America,1960,55356,1935,531
Antigua and Barbuda,North America,1990,63346,1337,490
Antigua and Barbuda,North America,2020,92672,1127,552
Argentina,South America,1960,20349748,483766,179885
Argentina,South America,1990,32637658,717716,252741
Argentina,South America,2020,45036030,635978,383131
Armenia,Asia,1960,1904150,77424,23160
Armenia,Asia,1990,3556544,86145,26756
Armenia,Asia,2020,2805610,35016,35963
Aruba,North America,1960,54627,1850,360
Aruba,North America,1990,65734,1218,463
Aruba,North America,2020,106597,863,1032
Australia,Oceania,1960,10286648,227494,88303
Australia,Oceania,1990,17048002,261015,118778
Australia,Oceania,2020,25670052,296417,162601
Austria,Europe,1960,7046554,126311,89658
Austria,Europe,1990,7678732,89858,82940
Austria,Europe,2020,8907780,83345,90324
Azerbaijan,Asia,1960,4131486,197518,61699
Azerbaijan,Asia,1990,7427840,211224,71512
Azerbaijan,Asia,2020,10284952,131920,110160
Bahamas,North America,1960,114512,4150,947
Bahamas,North America,1990,270690,6525,1584
Bahamas,North America,2020,406478,4670,3283
Bahrain,Asia,1960,160702,7503,2573
Bahrain,Asia,1990,517429,14092,1651
Bahrain,Asia,2020,1477478,18949,3362
Bangladesh,Asia,1960,50396428,2492613,1069699
Bangladesh,Asia,1990,107147656,3749741,1257445
Bangladesh,Asia,2020,167420940,3022909,973853
Barbados,North America,1960,232560,7184,2222
Barbados,North America,1990,258871,4054,2518
Barbados,North America,2020,280704,3048,2519
Belarus,Europe,1960,8389186,205048,65165
Belarus,Europe,1990,10428527,148091,117128
Belarus,Europe,2020,9633745,91163,159349
Belgium,Europe,1960,9108729,154789,114030
Belgium,Europe,1990,9959565,123472,104342
Belgium,Europe,2020,11561716,114894,127440
Belize,North America,1960,91420,4114,1131
Belize,North America,1990,182603,6708,1020
Belize,North America,2020,394931,7060,2071
Benin,Africa,1960,2512290,113419,71600
Benin,Africa,1990,5133429,232933,75736
Benin,Africa,2020,12643121,469278,118400
Bermuda,North America,1960,42048,1079,349
Bermuda,North America,1990,57490,875,423
Bermuda,North America,2020,64051,517,591
Bhutan,Asia,1960,221277,10725,6577
Bhutan,Asia,1990,558449,20674,6452
Bhutan,Asia,2020,772512,9770,5055
Bolivia,South America,1960,3707520,164555,85203
Bolivia,South America,1990,7096195,254743,84760
Bolivia,South America,2020,11936169,263322,111027
Bonaire Sint Eustatius and Saba,South America,1960,7699,205,96
Bonaire Sint Eustatius and Saba,South America,1990,12630,233,114
Bonaire Sint Eustatius and Saba,South America,2020,26178,284,239
Bosnia and Herzegovina,Europe,1960,3262540,105766,31164
Bosnia and Herzegovina,Europe,1990,4494314,67178,33240
Bosnia and Herzegovina,Europe,2020,3318410,28685,46952
Botswana,Africa,1960,512874,24256,8638
Botswana,Africa,1990,1341480,46010,10697
Botswana,Africa,2020,2546404,61583,17690
Brazil,South America,1960,73092520,3205265,1024950
Brazil,South America,1990,150706450,3743708,1078578
Brazil,South America,2020,213196300,2787294,1581430
British Virgin Islands,North America,1960,7871,256,99
British Virgin Islands,North America,1990,15646,237,76
British Virgin Islands,North America,2020,30934,229,196
Brunei,Asia,1960,85361,3723,986
Brunei,Asia,1990,261936,7432,1010
Brunei,Asia,2020,441736,6259,2198
Bulgaria,Europe,1960,7891763,143100,64188
Bulgaria,Europe,1990,8767778,107027,117953
Bulgaria,Europe,2020,6979181,59781,131998
Burkina Faso,Africa,1960,4783261,221899,129968
Burkina Faso,Africa,1990,9131362,428577,156261
Burkina Faso,Africa,2020,21522632,776842,189721
Burundi,Africa,1960,2746633,128076,59650
Burundi,Africa,1990,5483800,256200,104952
Burundi,Africa,2020,12220229,435303,92462
Cambodia,Asia,1960,5541679,242222,116133
Cambodia,Asia,1990,8910806,397774,108792
Cambodia,Asia,2020,16396864,325659,102187
Cameroon,Africa,1960,5117606,226139,146603
Cameroon,Africa,1990,11430519,504794,149707
Cameroon,Africa,2020,26491090,940891,223080
Canada,North America,1960,17909358,471518,139237
Canada,North America,1990,27657206,426572,191913
Canada,North America,2020,37888704,370506,304741
Cape Verde,Africa,1960,209856,9875,3894
Cape Verde,Africa,1990,364572,14078,3046
Cape Verde,Africa,2020,582646,10008,3320
Cayman Islands,North America,1960,8500,288,125
Cayman Islands,North America,1990,26050,469,175
Cayman Islands,North America,2020,67327,799,429
Central African Republic,Africa,1960,1679735,72116,42681
Central African Republic,Africa,1990,2809223,130024,45189
Central African Republic,Africa,2020,5343024,225927,59147
Chad,Africa,1960,3028688,138592,79779
Chad,Africa,1990,5827070,306747,121479
Chad,Africa,2020,16644707,729836,207827
Chile,South America,1960,8141826,287709,89653
Chile,South America,1990,13342876,296162,75067
Chile,South America,2020,19300318,227821,139021
China,Asia,1960,654170700,19490632,19613436
China,Asia,1990,1153704200,28202492,8037908
China,Asia,2020,1424929800,12243398,10346232
Colombia,South America,1960,15687692,722255,186589
Colombia,South America,1990,32601396,892755,190271
Colombia,South America,2020,50930656,733491,335656
Comoros,Africa,1960,194864,9320,4897
Comoros,Africa,1990,431128,18129,5529
Comoros,Africa,2020,806168,24128,6678
Congo,Africa,1960,1055696,45780,18597
Congo,Africa,1990,2385433,92691,26594
Congo,Africa,2020,5702183,177736,39496
Cook Islands,Oceania,1960,17650,802,231
Cook Islands,Oceania,1990,17147,528,132
Cook Islands,Oceania,2020,17050,280,142
Costa Rica,North America,1960,1346310,61420,13770
Costa Rica,North America,1990,3158257,84326,11854
Costa Rica,North America,2020,5123107,62230,28817
Cote d'Ivoire,Africa,1960,3708671,202331,99406
Cote d'Ivoire,Africa,1990,11910540,555526,164950
Cote d'Ivoire,Africa,2020,26811792,917205,236477
Croatia,Europe,1960,4215334,77229,42811
Croatia,Europe,1990,4873705,56765,54170
Croatia,Europe,2020,4096872,35757,59705
Cuba,North America,1960,7267396,237890,62845
Cuba,North America,1990,10626679,185884,72753
Cuba,North America,2020,11300695,105616,115622
Curacao,South America,1960,131282,4284,1067
Curacao,South America,1990,155461,3166,1075
Curacao,South America,2020,189298,2138,1764
Cyprus,Asia,1960,585727,14929,5853
Cyprus,Asia,1990,788501,15171,6957
Cyprus,Asia,2020,1237540,13081,8566
Czechia,Europe,1960,9539362,127265,93804
Czechia,Europe,1990,10301190,129712,129149
Czechia,Europe,2020,10530951,107036,124567
Democratic Republic of Congo,Africa,1960,15276558,716083,353656
Democratic Republic of Congo,Africa,1990,35987544,1651674,604322
Democratic Republic of Congo,Africa,2020,92853170,3929870,885793
Denmark,Europe,1960,4581730,75249,43740
Denmark,Europe,1990,5144626,63357,60987
Denmark,Europe,2020,5825638,61396,54744
Djibouti,Africa,1960,85956,3994,1727
Djibouti,Africa,1990,577183,21400,6468
Djibouti,Africa,2020,1090162,24496,9614
Dominica,North America,1960,59396,2731,838
Dominica,North America,1990,69501,1704,697
Dominica,North America,2020,72011,957,588
Dominican Republic,North America,1960,3298024,172483,55791
Dominican Republic,North America,1990,7129004,220637,43415
Dominican Republic,North America,2020,10999668,206696,71096
East Timor,Asia,1960,468582,21397,14327
East Timor,Asia,1990,758120,31966,14160
East Timor,Asia,2020,1299998,32882,8893
Ecuador,South America,1960,4618160,203139,71016
Ecuador,South America,1990,10449845,313425,59381
Ecuador,South America,2020,17588596,299338,132366
Egypt,Africa,1960,27034500,1281778,577665
Egypt,Africa,1990,57214630,1899652,468751
Egypt,Africa,2020,107465130,2477081,628726
El Salvador,North America,1960,2779332,132082,50074
El Salvador,North America,1990,5367182,180113,42086
El Salvador,North America,2020,6292734,102067,53231
Equatorial Guinea,Africa,1960,267359,10860,6326
Equatorial Guinea,Africa,1990,465560,21354,7536
Equatorial Guinea,Africa,2020,1596057,49758,14407
Eritrea,Africa,1960,993569,47232,25541
Eritrea,Africa,1990,2149967,91997,32810
Eritrea,Africa,2020,3555869,102300,22895
Estonia,Europe,1960,1218073,20182,12763
Estonia,Europe,1990,1570676,22229,19497
Estonia,Europe,2020,1329449,13902,16180
Eswatini,Africa,1960,345074,16453,6533
Eswatini,Africa,1990,854020,34210,6085
Eswatini,Africa,2020,1180663,29120,11361
Ethiopia,Africa,1960,21739718,1031961,507670
Ethiopia,Africa,1990,47878076,2389490,957417
Ethiopia,Africa,2020,117190920,3841565,775334
Falkland Islands,South America,1960,2285,53,37
Falkland Islands,South America,1990,2353,31,42
Falkland Islands,South America,2020,3764,43,27
Faroe Islands,Europe,1960,34178,777,264
Faroe Islands,Europe,1990,47505,962,408
Faroe Islands,Europe,2020,52440,807,570
Fiji,Oceania,1960,401851,17779,4316
Fiji,Oceania,1990,780437,22925,4839
Fiji,Oceania,2020,920430,18123,7458
Finland,Europe,1960,4430178,82313,39808
Finland,Europe,1990,4986551,65302,50055
Finland,Europe,2020,5529468,46241,55208
France,Europe,1960,45659572,816847,520826
France,Europe,1990,56412896,752434,526560
France,Europe,2020,64480052,681905,655662
French Guiana,South America,1960,31143,1001,438
French Guiana,South America,1990,113948,3487,567
French Guiana,South America,2020,290978,7473,1154
French Polynesia,Oceania,1960,84864,3580,821
French Polynesia,Oceania,1990,211108,6064,693
French Polynesia,Oceania,2020,301935,3904,1166
Gabon,Africa,1960,513346,16374,10597
Gabon,Africa,1990,983039,36983,11238
Gabon,Africa,2020,2292583,63472,15833
Gambia,Africa,1960,399656,20225,11536
Gambia,Africa,1990,1040625,47342,16668
Gambia,Africa,2020,2574005,86835,18986
Georgia,Asia,1960,4051494,108113,51290
Georgia,Asia,1990,5391635,100547,57177
Georgia,Asia,2020,3765912,48839,52643
Germany,Europe,1960,73063700,1271455,879225
Germany,Europe,1990,79370190,893874,919871
Germany,Europe,2020,83328990,760378,971767
Ghana,Africa,1960,6911514,343974,131212
Ghana,Africa,1990,15446987,624635,177795
Ghana,Africa,2020,32180402,902298,239693
Gibraltar,Europe,1960,21845,475,188
Gibraltar,Europe,1990,27342,477,204
Gibraltar,Europe,2020,32739,355,284
Greece,Europe,1960,8495419,168206,77640
Greece,Europe,1990,10302255,109946,94524
Greece,Europe,2020,10512232,81073,125443
Greenland,North America,1960,32145,1527,296
Greenland,North America,1990,55616,1234,478
Greenland,North America,2020,56049,821,487
Grenada,North America,1960,93792,4277,1081
Grenada,North America,1990,99066,2799,735
Grenada,North America,2020,123672,2014,997
Guadeloupe,North America,1960,276984,10461,2891
Guadeloupe,North America,1990,391961,7537,2456
Guadeloupe,North America,2020,395649,4417,3346
Guam,Oceania,1960,72389,2399,468
Guam,Oceania,1990,138279,3683,622
Guam,Oceania,2020,169245,2771,1216
Guatemala,North America,1960,4098362,197532,77673
Guatemala,North America,1990,9084779,356502,78226
Guatemala,North America,2020,17362716,378935,92707
Guernsey,Europe,1960,46726,617,568
Guernsey,Europe,1990,57746,722,562
Guernsey,Europe,2020,62823,598,517
Guinea,Africa,1960,3516819,160709,99852
Guinea,Africa,1990,6354146,291868,122840
Guinea,Africa,2020,13205157,461563,130060
Guinea-Bissau,Africa,1960,577942,26641,15771
Guinea-Bissau,Africa,1990,973557,43465,20107
Guinea-Bissau,Africa,2020,2015839,63738,17290
Guyana,South America,1960,571994,24409,6252
Guyana,South America,1990,747124,22078,6337
Guyana,South America,2020,797207,16309,6394
Haiti,North America,1960,3901147,170338,83104
Haiti,North America,1990,6925335,265506,97347
Haiti,North America,2020,11306804,271045,92580
Honduras,North America,1960,2078624,103177,38395
Honduras,North America,1990,5053235,192524,35658
Honduras,North America,2020,10121762,216208,50064
Hong Kong,Asia,1960,3114676,110543,19887
Hong Kong,Asia,1990,5838573,75051,32120
Hong Kong,Asia,2020,7500955,51511,53408
Hungary,Europe,1960,9982618,146313,101504
Hungary,Europe,1990,10375989,125364,145500
Hungary,Europe,2020,9750571,92544,140677
Iceland,Europe,1960,175583,4866,1174
Iceland,Europe,1990,255026,4757,1712
Iceland,Europe,2020,366682,4534,2456
India,Asia,1960,445954560,18957618,8756300
India,Asia,1990,870452160,27692242,9305873
India,Asia,2020,1396387100,23138532,10262275
Indonesia,Asia,1960,88382890,3929479,1592968
Indonesia,Asia,1990,182159890,4647365,1477380
Indonesia,Asia,2020,271858000,4526200,2436950
Iran,Asia,1960,21388810,1048501,492822
Iran,Asia,1990,55793628,1788377,395366
Iran,Asia,2020,87290190,1243003,486271
Iraq,Asia,1960,7084683,257432,98435
Iraq,Asia,1990,17658384,708045,189809
Iraq,Asia,2020,42556988,1179335,222816
Ireland,Europe,1960,2811075,61307,32676
Ireland,Europe,1990,3485370,52276,31140
Ireland,Europe,2020,4946123,59670,32911
Isle of Man,Europe,1960,48816,735,832
Isle of Man,Europe,1990,68890,883,1007
Isle of Man,Europe,2020,84063,722,874
Israel,Asia,1960,1902260,51392,12198
Israel,Asia,1990,4803255,111338,29648
Israel,Asia,2020,8757487,175353,48137
Italy,Europe,1960,49517708,901896,480963
Italy,Europe,1990,56756560,567965,542928
Italy,Europe,2020,59500576,410093,716753
Jamaica,North America,1960,1642331,66880,14655
Jamaica,North America,1990,2392035,60878,16496
Jamaica,North America,2020,2820438,33317,21386
Japan,Asia,1960,94464840,1658438,730473
Japan,Asia,1990,123686320,1225414,866210
Japan,Asia,2020,125244760,827602,1511209
Jersey,Europe,1960,62510,1008,781
Jersey,Europe,1990,82897,1133,831
Jersey,Europe,2020,108332,1115,933
Jordan,Asia,1960,847944,42500,13232
Jordan,Asia,1990,3480591,127299,14982
Jordan,Asia,2020,10928723,243141,37948
Kazakhstan,Asia,1960,9319287,354070,118426
Kazakhstan,Asia,1990,16866574,397944,153746
Kazakhstan,Asia,2020,18979250,427805,179002
Kenya,Africa,1960,7751440,427727,144571
Kenya,Africa,1990,23162270,1008398,215713
Kenya,Africa,2020,51985780,1455947,387712
Kiribati,Oceania,1960,47112,2065,914
Kiribati,Oceania,1990,75140,2756,695
Kiribati,Oceania,2020,126473,3500,790
Kosovo,Europe,1960,990155,40866,10563
Kosovo,Europe,1990,1964994,54422,10671
Kosovo,Europe,2020,1670702,18763,12595
Kuwait,Asia,1960,305422,13839,3408
Kuwait,Asia,1990,1674942,50353,6129
Kuwait,Asia,2020,4360451,52942,14604
Kyrgyzstan,Asia,1960,2216535,92352,35981
Kyrgyzstan,Asia,1990,4394738,137252,39099
Kyrgyzstan,Asia,2020,6424880,160571,41180
Laos,Asia,1960,2122537,96049,48138
Laos,Asia,1990,4314442,183431,58480
Laos,Asia,2020,7319397,164431,46627
Latvia,Europe,1960,2154253,36119,21590
Latvia,Europe,1990,2689398,38628,35984
Latvia,Europe,2020,1897057,17545,30538
Lebanon,Asia,1960,1798095,69846,17692
Lebanon,Asia,1990,3593705,100147,28226
Lebanon,Asia,2020,5662924,87727,35782
Lesotho,Africa,1960,737851,32889,12802
Lesotho,Africa,1990,1799004,62090,18076
Lesotho,Africa,2020,2254104,59478,28992
Liberia,Africa,1960,1137030,54595,29077
Liberia,Africa,1990,2209737,114053,65447
Liberia,Africa,2020,5087591,161486,44578
Libya,Africa,1960,1426984,71663,36901
Libya,Africa,1990,4236988,124869,19750
Libya,Africa,2020,6653946,121777,37248
Liechtenstein,Europe,1960,16496,316,183
Liechtenstein,Europe,1990,28789,379,198
Liechtenstein,Europe,2020,38783,355,291
Lithuania,Europe,1960,2875686,63521,22638
Lithuania,Europe,1990,3785851,58994,41537
Lithuania,Europe,2020,2820269,27494,46127
Luxembourg,Europe,1960,314170,5068,3725
Luxembourg,Europe,1990,381275,4885,3770
Luxembourg,Europe,2020,630401,6469,4780
Macao,Asia,1960,177028,5685,1580
Macao,Asia,1990,350240,6956,1533
Macao,Asia,2020,676287,6802,2718
Madagascar,Africa,1960,5073347,240224,109215
Madagascar,Africa,1990,11882763,528568,171917
Madagascar,Africa,2020,28225182,884817,191982
Malawi,Africa,1960,3621087,193012,107715
Malawi,Africa,1990,9539669,454157,209951
Malawi,Africa,2020,19377058,644116,129975
Malaysia,Asia,1960,7833788,335697,88938
Malaysia,Asia,1990,17517060,487430,81367
Malaysia,Asia,2020,33199988,511406,176170
Maldives,Asia,1960,91666,4762,2456
Maldives,Asia,1990,224976,9297,1782
Maldives,Asia,2020,514451,7490,1542
Mali,Africa,1960,5346797,270294,187194
Mali,Africa,1990,8945030,418930,173067
Mali,Africa,2020,21224042,891864,202371
Malta,Europe,1960,337632,9511,2970
Malta,Europe,1990,365396,5423,2602
Malta,Europe,2020,515364,4509,3837
Marshall Islands,Oceania,1960,15393,720,248
Marshall Islands,Oceania,1990,46069,1957,336
Marshall Islands,Oceania,2020,43437,887,329
Martinique,North America,1960,290102,10634,2989
Martinique,North America,1990,374280,7178,2365
Martinique,North America,2020,370399,3557,3226
Mauritania,Africa,1960,838486,38873,15951
Mauritania,Africa,1990,2006035,81535,19303
Mauritania,Africa,2020,4498605,150426,33598
Mauritius,Africa,1960,676690,27417,8348
Mauritius,Africa,1990,1090296,22748,7241
Mauritius,Africa,2020,1297830,13462,11243
Mayotte,Africa,1960,26189,1225,387
Mayotte,Africa,1990,92670,4181,321
Mayotte,Africa,2020,305591,10593,871
Mexico,North America,1960,36268050,1705473,488005
Mexico,North America,1990,81720424,2398877,473031
Mexico,North America,2020,125998296,1961267,1175636
Micronesia (country),Oceania,1960,43006,1884,531
Micronesia (country),Oceania,1990,98616,3385,574
Micronesia (country),Oceania,2020,112119,2343,682
Moldova,Europe,1960,3133275,88937,34322
Moldova,Europe,1990,4480206,78507,47513
Moldova,Europe,2020,3084848,38584,44655
Monaco,Europe,1960,21824,379,332
Monaco,Europe,1990,30351,347,454
Monaco,Europe,2020,36943,324,753
Mongolia,Asia,1960,977906,43472,23327
Mongolia,Asia,1990,2161440,73320,22707
Mongolia,Asia,2020,3294340,73785,18030
Montenegro,Europe,1960,473055,13300,4588
Montenegro,Europe,1990,621450,9579,4212
Montenegro,Europe,2020,629058,7114,7473
Montserrat,North America,1960,12128,399,212
Montserrat,North America,1990,10828,188,120
Montserrat,North America,2020,4526,42,51
Morocco,Africa,1960,11769782,600551,267971
Morocco,Africa,1990,24570816,719666,189752
Morocco,Africa,2020,36688770,656572,222905
Mozambique,Africa,1960,6788377,321996,157926
Mozambique,Africa,1990,13303461,619438,267567
Mozambique,Africa,2020,31178242,1152789,249559
Myanmar,Asia,1960,21720702,916714,449475
Myanmar,Asia,1990,40099556,1102427,460947
Myanmar,Asia,2020,53423200,928106,471418
Namibia,Africa,1960,590188,24721,10801
Namibia,Africa,1990,1369016,55497,11371
Namibia,Africa,2020,2489099,69444,21112
Nauru,Oceania,1960,4604,119,50
Nauru,Oceania,1990,9620,308,75
Nauru,Oceania,2020,12339,350,82
Nepal,Asia,1960,10167941,458470,252886
Nepal,Asia,1990,19616528,747765,248380
Nepal,Asia,2020,29348626,602598,210466
Netherlands,Europe,1960,11493124,239541,87757
Netherlands,Europe,1990,14944550,196948,128841
Netherlands,Europe,2020,17434562,173058,167303
New Caledonia,Oceania,1960,81258,2941,1031
New Caledonia,Oceania,1990,177280,4473,1076
New Caledonia,Oceania,2020,286412,4193,1437
New Zealand,Oceania,1960,2381191,63129,20901
New Zealand,Oceania,1990,3397388,59943,26423
New Zealand,Oceania,2020,5061130,63130,32068
Nicaragua,North America,1960,1789695,90206,33865
Nicaragua,North America,1990,4227824,153992,30902
Nicaragua,North America,2020,6755900,141324,38555
Niger,Africa,1960,3497438,203429,96484
Niger,Africa,1990,8370650,461877,201502
Niger,Africa,2020,24333644,1109922,201622
Nigeria,Africa,1960,44928336,2071559,1178708
Nigeria,Africa,1990,95214260,4167694,1773185
Nigeria,Africa,2020,208327410,7806449,2708008
Niue,Oceania,1960,4897,227,59
Niue,Oceania,1990,2560,62,27
Niue,Oceania,2020,1963,27,27
North Korea,Asia,1960,11655668,410308,138839
North Korea,Asia,1990,20799522,426789,116050
North Korea,Asia,2020,25867474,344896,234829
North Macedonia,Europe,1960,1462373,46036,19025
North Macedonia,Europe,1990,2044181,34454,15607
North Macedonia,Europe,2020,2111078,20295,25720
Northern Mariana Islands,Oceania,1960,8721,307,65
Northern Mariana Islands,Oceania,1990,48021,1220,153
Northern Mariana Islands,Oceania,2020,49611,612,278
Norway,Europe,1960,3581521,61307,32487
Norway,Europe,1990,4241637,60847,46049
Norway,Europe,2020,5379836,53588,40578
Oman,Asia,1960,536556,28893,16409
Oman,Asia,1990,1804528,65411,8118
Oman,Asia,2020,4543406,86916,13991
Pakistan,Asia,1960,45954228,2102786,961020
Pakistan,Asia,1990,115414070,4979805,1238482
Pakistan,Asia,2020,227196740,6362705,1606293
Palau,Oceania,1960,9470,401,141
Palau,Oceania,1990,15318,339,165
Palau,Oceania,2020,17999,277,231
Palestine,Asia,1960,1073847,54566,19304
Palestine,Asia,1990,2124623,97790,10781
Palestine,Asia,2020,5019407,144740,17535
Panama,North America,1960,1126996,46659,11218
Panama,North America,1990,2449966,66241,13169
Panama,North America,2020,4294391,76898,24662
Papua New Guinea,Oceania,1960,1985668,88848,33558
Papua New Guinea,Oceania,1990,3864983,141890,31374
Papua New Guinea,Oceania,2020,9749641,253329,62383
Paraguay,South America,1960,1894835,79616,19509
Paraguay,South America,1990,4059198,139188,25924
Paraguay,South America,2020,6618700,138721,39177
Peru,South America,1960,10172210,477052,175308
Peru,South America,1990,22109102,683729,160277
Peru,South America,2020,33304768,593207,243717
Philippines,Asia,1960,28486868,1328281,299155
Philippines,Asia,1990,61558900,2050725,418039
Philippines,Asia,2020,112190984,2473218,624582
Poland,Europe,1960,29509902,670178,223778
Poland,Europe,1990,38064252,543617,390221
Poland,Europe,2020,38428370,372990,471412
Portugal,Europe,1960,8882476,215138,96233
Portugal,Europe,1990,10007347,116745,102607
Portugal,Europe,2020,10298186,82935,123874
Puerto Rico,North America,1960,2365078,79890,16197
Puerto Rico,North America,1990,3543785,68945,26492
Puerto Rico,North America,2020,3271570,26790,36682
Qatar,Asia,1960,36406,1671,400
Qatar,Asia,1990,441685,10766,985
Qatar,Asia,2020,2760390,30968,3465
Reunion,Africa,1960,366001,16014,4587
Reunion,Africa,1990,659000,15376,3556
Reunion,Africa,2020,957829,14205,5180
Romania,Europe,1960,18458012,355529,162724
Romania,Europe,1990,22836234,310327,249826
Romania,Europe,2020,19442040,199088,281742
Russia,Europe,1960,119735100,2795172,909975
Russia,Europe,1990,148005700,1998633,1624999
Russia,Europe,2020,145617330,1437461,2066849
Rwanda,Africa,1960,2966170,153590,57072
Rwanda,Africa,1990,7319970,324591,112984
Rwanda,Africa,2020,13146367,398512,78870
Saint Barthelemy,South America,1960,2214,51,27
Saint Barthelemy,South America,1990,5193,87,21
Saint Barthelemy,South America,2020,10706,86,59
Saint Helena,Africa,1960,5390,169,53
Saint Helena,Africa,1990,6633,120,61
Saint Helena,Africa,2020,5448,43,82
Saint Kitts and Nevis,North America,1960,56679,2604,877
Saint Kitts and Nevis,North America,1990,40663,984,502
Saint Kitts and Nevis,North America,2020,47666,593,479
Saint Lucia,North America,1960,91629,4452,1312
Saint Lucia,North America,1990,142315,3999,866
Saint Lucia,North America,2020,179245,2091,1471
Saint Martin (French part),North America,1960,4152,157,28
Saint Martin (French part),North America,1990,28150,945,78
Saint Martin (French part),North America,2020,32577,521,158
Saint Pierre and Miquelon,North America,1960,4945,155,56
Saint Pierre and Miquelon,North America,1990,6345,119,52
Saint Pierre and Miquelon,North America,2020,5930,45,73
Saint Vincent and the Grenadines,North America,1960,84157,4181,1230
Saint Vincent and the Grenadines,North America,1990,112507,2710,670
Saint Vincent and the Grenadines,North America,2020,104644,1370,1157
Samoa,Oceania,1960,113351,5460,1448
Samoa,Oceania,1990,168202,5552,1014
Samoa,Oceania,2020,214934,5952,1143
San Marino,Europe,1960,15579,271,154
San Marino,Europe,1990,23156,241,176
San Marino,Europe,2020,34038,208,438
Sao Tome and Principe,Africa,1960,68061,3159,1522
Sao Tome and Principe,Africa,1990,120355,4844,1220
Sao Tome and Principe,Africa,2020,218650,6218,1376
Saudi Arabia,Asia,1960,4165566,213643,87264
Saudi Arabia,Asia,1990,16004768,547487,77143
Saudi Arabia,Asia,2020,35997108,665930,106371
Senegal,Africa,1960,3273181,164735,81546
Senegal,Africa,1990,7536003,316620,86250
Senegal,Africa,2020,16436120,543219,91832
Serbia,Europe,1960,6579987,124709,58143
Serbia,Europe,1990,7987530,96650,87767
Serbia,Europe,2020,7358010,68556,120926
Seychelles,Africa,1960,43186,1600,765
Seychelles,Africa,1990,71073,1594,602
Seychelles,Africa,2020,105545,1668,766
Sierra Leone,Africa,1960,2301315,112621,70505
Sierra Leone,Africa,1990,4325390,195176,90918
Sierra Leone,Africa,2020,8233973,262770,76540
Singapore,Asia,1960,1601091,66200,9606
Singapore,Asia,1990,3022218,58793,14572
Singapore,Asia,2020,5909874,41375,29992
Sint Maarten (Dutch part),South America,1960,2668,62,28
Sint Maarten (Dutch part),South America,1990,27864,633,102
Sint Maarten (Dutch part),South America,2020,43638,313,296
Slovakia,Europe,1960,4124235,89100,31645
Slovakia,Europe,1990,5261310,79543,54643
Slovakia,Europe,2020,5456681,55730,59217
Slovenia,Europe,1960,1599581,28004,16835
Slovenia,Europe,1990,1986030,22365,18733
Slovenia,Europe,2020,2117648,19126,24030
Solomon Islands,Oceania,1960,133453,5948,2282
Solomon Islands,Oceania,1990,324184,12353,2125
Solomon Islands,Oceania,2020,691198,20904,3515
Somalia,Africa,1960,2870732,133788,60662
Somalia,Africa,1990,6999098,349163,128309
Somalia,Africa,2020,16537018,728149,188459
South Africa,Africa,1960,16520438,652630,232405
South Africa,Africa,1990,39877570,1238045,319227
South Africa,Africa,2020,58801930,1194619,553914
South Korea,Asia,1960,25817530,1082164,326808
South Korea,Asia,1990,44120040,691730,234766
South Korea,Asia,2020,51844690,294239,321110
South Sudan,Africa,1960,2907727,145279,104977
South Sudan,Africa,1990,4750824,263178,161640
South Sudan,Africa,2020,10606224,310480,114527
Spain,Europe,1960,30415594,660876,270174
Spain,Europe,1990,38889890,400859,331236
Spain,Europe,2020,47363810,352000,493075
Sri Lanka,Asia,1960,9783874,357945,108578
Sri Lanka,Asia,1990,17204098,354541,102009
Sri Lanka,Asia,2020,21715076,309760,153533
Sudan,Africa,1960,8326464,394177,150638
Sudan,Africa,1990,21090892,913785,314494
Sudan,Africa,2020,44440484,1521188,296441
Suriname,South America,1960,268404,12046,3232
Suriname,South America,1990,412767,12722,3148
Suriname,South America,2020,607068,11100,4273
Sweden,Europe,1960,7492907,101205,75085
Sweden,Europe,1990,8548407,122837,95127
Sweden,Europe,2020,10368968,112361,98316
Switzerland,Europe,1960,5328275,94175,52093
Switzerland,Europe,1990,6711685,82277,63756
Switzerland,Europe,2020,8638609,86564,75992
Syria,Asia,1960,4610717,216783,75233
Syria,Asia,1990,12409003,446058,59390
Syria,Asia,2020,20772602,406127,103032
Taiwan,Asia,1960,10983152,432936,78134
Taiwan,Asia,1990,20586176,337030,104626
Taiwan,Asia,2020,23821468,186897,172149
Tajikistan,Asia,1960,2132000,107273,35437
Tajikistan,Asia,1990,5417862,228102,52655
Tajikistan,Asia,2020,9543211,262763,58418
Tanzania,Africa,1960,10042467,495922,210777
Tanzania,Africa,1990,26206024,1149439,380087
Tanzania,Africa,2020,61704520,2262300,381393
Thailand,Asia,1960,26596590,1164529,391987
Thailand,Asia,1990,55228410,1088200,309013
Thailand,Asia,2020,71475660,656102,519058
Togo,Africa,1960,1651372,78343,37196
Togo,Africa,1990,3875958,162593,49259
Togo,Africa,2020,8442583,272757,71077
Tokelau,Oceania,1960,1814,74,20
Tokelau,Oceania,1990,1692,49,13
Tokelau,Oceania,2020,1845,35,13
Tonga,Oceania,1960,67447,3025,725
Tonga,Oceania,1990,98744,3060,683
Tonga,Oceania,2020,105265,2446,734
Trinidad and Tobago,North America,1960,847067,31717,6833
Trinidad and Tobago,North America,1990,1266525,26138,8501
Trinidad and Tobago,North America,2020,1518142,18119,11982
Tunisia,Africa,1960,4195466,197446,91090
Tunisia,Africa,1990,8440035,222942,46403
Tunisia,Africa,2020,12161720,202268,82136
Turkey,Asia,1960,27510982,1227470,488850
Turkey,Asia,1990,54324140,1405759,371685
Turkey,Asia,2020,84135430,1265256,536806
Turkmenistan,Asia,1960,1602052,76989,27261
Turkmenistan,Asia,1990,3720287,129629,30709
Turkmenistan,Asia,2020,6250442,139380,42735
Turks and Caicos Islands,North America,1960,5626,226,85
Turks and Caicos Islands,North America,1990,11723,340,72
Turks and Caicos Islands,North America,2020,44297,557,388
Tuvalu,Oceania,1960,5426,194,104
Tuvalu,Oceania,1990,9201,304,96
Tuvalu,Oceania,2020,11090,262,113
Uganda,Africa,1960,7617751,371000,147006
Uganda,Africa,1990,17586634,904309,318505
Uganda,Africa,2020,44404610,1653818,259787
Ukraine,Europe,1960,42767252,874364,321030
Ukraine,Europe,1990,51589816,657993,629736
Ukraine,Europe,2020,43909664,338972,698849
United Arab Emirates,Asia,1960,133440,5495,2043
United Arab Emirates,Asia,1990,1900160,48444,5054
United Arab Emirates,Asia,2020,9287286,98648,16406
United Kingdom,Europe,1960,52543024,922890,603662
United Kingdom,Europe,1990,57210444,794465,641688
United Kingdom,Europe,2020,67059470,678528,672991
United States,North America,1960,176188580,3992399,1671107
United States,North America,1990,248083730,4139325,2124914
United States,North America,2020,335942000,3670490,3238518
United States Virgin Islands,North America,1960,32883,1159,354
United States Virgin Islands,North America,1990,100699,2330,648
United States Virgin Islands,North America,2020,100452,1175,1375
Uruguay,South America,1960,2529028,55075,24591
Uruguay,South America,1990,3117011,54977,29293
Uruguay,South America,2020,3429087,35457,32343
Uzbekistan,Asia,1960,8372314,404477,125433
Uzbekistan,Asia,1990,20579106,700666,157484
Uzbekistan,Asia,2020,33526662,832060,226461
Vanuatu,Oceania,1960,64624,2887,1076
Vanuatu,Oceania,1990,150900,5689,1005
Vanuatu,Oceania,2020,311694,9336,1711
Venezuela,South America,1960,8156941,365913,81029
Venezuela,South America,1990,19750580,569527,93872
Venezuela,South America,2020,28490458,466065,217755
Vietnam,Asia,1960,32718462,1352488,375245
Vietnam,Asia,1990,66912616,1907686,456127
Vietnam,Asia,2020,96648680,1488374,596182
Wallis and Futuna,Oceania,1960,8799,357,159
Wallis and Futuna,Oceania,1990,13479,419,72
Wallis and Futuna,Oceania,2020,11679,140,80
Western Sahara,Africa,1960,33042,1839,870
Western Sahara,Africa,1990,178540,6508,1789
Western Sahara,Africa,2020,556060,9530,3422
Yemen,Asia,1960,5542460,302077,183430
Yemen,Asia,1990,13375127,677836,149896
Yemen,Asia,2020,32284044,1010361,210426
Zambia,Africa,1960,3119431,155895,53971
Zambia,Africa,1990,7686405,363130,127934
Zambia,Africa,2020,18927716,661531,124943
Zimbabwe,Africa,1960,3806312,180126,54201
Zimbabwe,Africa,1990,10113899,351900,88462
Zimbabwe,Africa,2020,15669663,486393,127551
